date,open,close,volume
2013-02-08,54.38,54.66,9584224
2013-02-11,54.65,54.75,6358524
2013-02-12,54.77,54.95,8758025
2013-02-13,55.08,54.96,5701775
2013-02-14,54.92,54.88,8564486
2013-02-15,55.05,55.61,17783635
2013-02-19,55.58,55.73,7780451
2013-02-20,55.62,54.6,8461042
2013-02-21,54.58,54.17,6802578
2013-02-22,54.39,54.25,7604629
2013-02-25,54.6,53.59,9831166
2013-02-26,53.81,53.9,6238418
2013-02-27,53.9,54.48,7244992
2013-02-28,54.54,54.59,6605615
2013-03-01,54.31,55.33,8314387
2013-03-04,55.16,55.8,6356424
2013-03-05,55.95,56.48,7068470
2013-03-06,56.53,56.36,5572562
2013-03-07,56.36,56.32,4814197
2013-03-08,56.56,57.39,8157710
2013-03-11,57.39,57.66,7155409
2013-03-12,57.52,57.11,7159414
2013-03-13,57.16,57.34,5209862
2013-03-14,57.35,57.75,5915351
2013-03-15,57.5,57.58,13796440
2013-03-18,57.08,56.83,5125876
2013-03-19,56.83,56.31,8883930
2013-03-20,56.59,56.94,6018271
2013-03-21,56.74,56.31,5168737
2013-03-22,56.65,56.78,5489554
2013-03-25,57.0,56.21,7881490
2013-03-26,56.41,56.63,4675601
2013-03-27,56.34,56.47,6392319
2013-03-28,56.59,56.8,6705892
2013-04-01,56.89,56.69,6728034
2013-04-02,57.04,57.46,6574424
2013-04-03,57.64,57.25,8102375
2013-04-04,57.28,57.59,6413435
2013-04-05,56.89,57.7,7042202
2013-04-08,57.83,58.82,9796152
2013-04-09,58.72,59.14,8864758
2013-04-10,59.37,60.11,8438296
2013-04-11,60.11,60.55,9241626
2013-04-12,60.29,60.55,8533853
2013-04-15,60.26,58.88,12027906
2013-04-16,59.26,60.75,10307479
2013-04-17,60.35,60.68,11531693
2013-04-18,60.64,59.99,9203177
2013-04-19,60.25,61.56,9488269
2013-04-22,61.59,62.01,6307788
2013-04-23,62.4,62.59,6261121
2013-04-24,62.71,61.94,7335400
2013-04-25,62.01,62.0,6683979
2013-04-26,62.06,61.87,7038566
2013-04-29,62.82,63.0,7205960
2013-04-30,62.93,62.84,8529501
2013-05-01,62.88,63.21,7468820
2013-05-02,63.4,63.88,5249288
2013-05-03,64.1801,64.8,9196237
2013-05-06,65.09,65.06,10232888
2013-05-07,65.44,66.07,14407218
2013-05-08,66.0,65.99,17802902
2013-05-09,65.7301,66.67,11324407
2013-05-10,66.69,67.2,8653958
2013-05-13,66.96,67.32,5194936
2013-05-14,67.43,67.47,9676356
2013-05-15,67.42,67.67,7925722
2013-05-16,67.62,66.47,8472812
2013-05-17,66.16,66.58,9161351
2013-05-20,66.58,66.12,5893353
2013-05-21,66.35,65.83,7359058
2013-05-22,65.76,65.57,8144063
2013-05-23,64.87,65.23,7517695
2013-05-24,64.75,65.49,8846052
2013-05-28,65.98,66.69,8279038
2013-05-29,66.37,66.26,6954404
2013-05-30,66.44,64.65,13052538
2013-05-31,64.57,63.08,11281989
2013-06-03,63.06,63.8,8706952
2013-06-04,63.93,64.35,8147696
2013-06-05,64.05,63.12,8892949
2013-06-06,63.1,63.14,8663655
2013-06-07,63.63,64.85,7610904
2013-06-10,64.91,63.83,6729481
2013-06-11,63.32,63.8,6454788
2013-06-12,64.32,62.99,7662841
2013-06-13,62.99,64.3,5584275
2013-06-14,64.01,63.8,5311740
2013-06-17,64.3,64.49,6755060
2013-06-18,64.61,65.29,5234787
2013-06-19,65.19,64.33,6871351
2013-06-20,63.22,61.98,12262997
2013-06-21,62.62,62.73,11892309
2013-06-24,62.25,62.44,6494408
2013-06-25,62.88,62.57,6777687
2013-06-26,62.95,63.21,5721661
2013-06-27,63.65,63.72,4877613
2013-06-28,63.76,63.15,10567010
2013-07-01,63.84,63.93,8221603
2013-07-02,63.83,63.26,7691561
2013-07-03,62.85,63.61,3352066
2013-07-05,63.88,63.82,5647439
2013-07-08,64.28,64.71,6679630
2013-07-09,65.32,64.94,4556432
2013-07-10,64.86,64.91,5761972
2013-07-11,65.65,66.58,8330372
2013-07-12,66.39,66.98,5891977
2013-07-15,67.02,65.93,6457909
2013-07-16,65.95,65.03,7470773
2013-07-17,65.42,65.36,6846861
2013-07-18,65.7,65.82,4962794
2013-07-19,65.89,65.16,7221472
2013-07-22,65.15,64.4,5973470
2013-07-23,64.6,64.45,4534425
2013-07-24,64.59,64.64,5327606
2013-07-25,64.32,64.55,5407853
2013-07-26,64.4699,64.98,4950018
2013-07-29,64.8,64.61,3805781
2013-07-30,64.7001,64.18,6210486
2013-07-31,64.43,64.65,7155261
2013-08-01,65.16,65.36,6338790
2013-08-02,65.56,66.51,6078137
2013-08-05,66.5,66.02,7265776
2013-08-06,66.09,67.05,11531873
2013-08-07,64.93,65.91,16970485
2013-08-08,66.34,65.75,8826419
2013-08-09,65.47,64.73,7945849
2013-08-12,64.26,63.93,8005135
2013-08-13,64.26,63.98,6025118
2013-08-14,63.95,63.96,6413661
2013-08-15,63.28,62.38,9014450
2013-08-16,61.97,62.17,8238836
2013-08-19,62.15,61.83,5659879
2013-08-20,61.79,61.88,5192537
2013-08-21,61.62,61.14,7185414
2013-08-22,61.32,61.64,5302299
2013-08-23,61.96,61.73,5510670
2013-08-26,61.76,61.35,4506432
2013-08-27,60.9,60.69,7733878
2013-08-28,60.44,60.81,7161726
2013-08-29,60.77,61.08,5396200
2013-08-30,61.14,60.83,5404116
2013-09-03,61.42,60.93,7016364
2013-09-04,60.92,61.11,14014636
2013-09-05,61.07,61.3,6356567
2013-09-06,61.47,61.39,7319446
2013-09-09,61.6,61.59,7224547
2013-09-10,62.09,62.83,9919708
2013-09-11,63.12,63.94,9439782
2013-09-12,63.8,65.49,22428102
2013-09-13,65.87,66.69,12703560
2013-09-16,67.32,66.94,9731743
2013-09-17,66.83,66.98,6451520
2013-09-18,66.67,67.11,9865637
2013-09-19,66.39,65.72,11808780
2013-09-20,65.61,65.01,29015758
2013-09-23,65.04,64.75,8286597
2013-09-24,64.94,64.32,8166656
2013-09-25,64.42,64.45,7281578
2013-09-26,64.36,65.24,6971153
2013-09-27,64.97,65.19,5586022
2013-09-30,64.73,64.49,7463188
2013-10-01,64.37,64.83,4881181
2013-10-02,64.45,64.88,7218755
2013-10-03,64.72,64.02,7264104
2013-10-04,64.02,65.3,6546049
2013-10-07,64.81,64.59,5840877
2013-10-08,64.52,64.0,8662499
2013-10-09,64.02,63.59,8689741
2013-10-10,64.48,65.58,7676613
2013-10-11,65.66,66.21,6733879
2013-10-14,65.88,66.83,6461548
2013-10-15,66.73,66.44,5943056
2013-10-16,66.64,66.35,7724755
2013-10-17,66.19,66.42,6952307
2013-10-18,66.5,67.15,7587047
2013-10-21,67.27,67.61,4846265
2013-10-22,67.94,69.0,7846811
2013-10-23,68.81,68.12,5864454
2013-10-24,68.18,69.05,6035209
2013-10-25,69.32,69.26,6613325
2013-10-28,69.35,69.0,4455996
2013-10-29,69.12,68.92,4450203
2013-10-30,69.22,68.47,5816116
2013-10-31,68.47,68.59,5706091
2013-11-01,68.71,69.01,5008592
2013-11-04,69.41,68.81,4790193
2013-11-05,68.77,68.85,5148448
2013-11-06,69.18,69.0,6508970
2013-11-07,69.34,67.15,10458705
2013-11-08,66.87,68.58,16182773
2013-11-11,68.48,68.34,4954159
2013-11-12,68.33,67.77,6586688
2013-11-13,67.43,68.97,5681029
2013-11-14,69.14,70.02,7246568
2013-11-15,69.77,70.0,6185387
2013-11-18,70.06,69.5,4910795
2013-11-19,69.49,69.12,4801712
2013-11-20,69.12,69.23,4729280
2013-11-21,69.46,69.94,4505225
2013-11-22,69.95,70.2,4667718
2013-11-25,70.54,69.74,5830793
2013-11-26,69.92,71.18,8850128
2013-11-27,71.21,70.77,5446131
2013-11-29,71.04,70.54,4800980
2013-12-02,70.79,70.91,6775388
2013-12-03,70.22,69.9,8304746
2013-12-04,69.42,69.97,4884539
2013-12-05,70.29,70.23,5587900
2013-12-06,70.97,71.46,5542037
2013-12-09,71.36,71.11,6477173
2013-12-10,70.91,71.57,7112234
2013-12-11,71.73,70.52,9519199
2013-12-12,69.28,69.63,8756318
2013-12-13,69.9,69.62,5785005
2013-12-16,69.91,70.51,6252115
2013-12-17,70.69,70.66,6831011
2013-12-18,70.96,72.2,7971365
2013-12-19,72.14,72.97,6768257
2013-12-20,73.1,72.4,12989668
2013-12-23,72.89,73.28,5628707
2013-12-24,73.25,73.85,2883582
2013-12-26,73.95,74.62,4620099
2013-12-27,74.65,74.35,3844758
2013-12-30,74.99,76.23,8579170
2013-12-31,76.28,76.4,4692382
2014-01-02,76.04,76.27,5212460
2014-01-03,76.3,76.11,4061042
2014-01-06,76.53,75.82,6816693
2014-01-07,76.12,76.34,4511157
2014-01-08,76.13,75.22,10914858
2014-01-09,75.46,74.9,8077726
2014-01-10,75.08,75.39,6255271
2014-01-13,74.9,73.27,8248787
2014-01-14,73.71,74.45,6010335
2014-01-15,74.3,74.28,7299883
2014-01-16,74.39,74.21,5608249
2014-01-17,74.43,73.98,6688299
2014-01-21,73.99,74.2,7548136
2014-01-22,74.08,75.31,6800281
2014-01-23,74.53,74.79,6281005
2014-01-24,74.1,72.72,7338729
2014-01-27,72.47,72.25,7416257
2014-01-28,72.26,72.88,5509623
2014-01-29,71.97,71.33,8609208
2014-01-30,72.09,73.22,7550625
2014-01-31,72.2,72.61,7750354
2014-02-03,72.66,69.99,11966489
2014-02-04,70.94,71.05,11829723
2014-02-05,72.05,71.76,11631868
2014-02-06,75.61,75.56,19822855
2014-02-07,75.08,75.67,11526738
2014-02-10,75.67,77.06,8785647
2014-02-11,77.15,77.79,8186408
2014-02-12,77.66,77.91,6329539
2014-02-13,77.52,77.9,5955510
2014-02-14,77.88,79.23,7002635
2014-02-18,79.5,79.58,6140692
2014-02-19,79.5,78.87,7024022
2014-02-20,79.21,79.19,5748753
2014-02-21,79.07,80.13,8253018
2014-02-24,80.5,80.73,6635969
2014-02-25,80.72,80.21,6065203
2014-02-26,80.63,80.08,5776068
2014-02-27,80.0,80.48,4919943
2014-02-28,80.84,80.81,7031874
2014-03-03,80.3,79.46,8450395
2014-03-04,80.6,81.71,8021840
2014-03-05,82.22,82.68,7710268
2014-03-06,82.86,83.34,5774783
2014-03-07,83.6,82.21,7478961
2014-03-10,82.18,81.97,5211542
2014-03-11,82.19,81.05,7174290
2014-03-12,80.59,81.38,6378361
2014-03-13,81.75,79.93,8570629
2014-03-14,79.85,80.07,7754672
2014-03-17,80.5,81.39,7282393
2014-03-18,81.53,81.99,5395913
2014-03-19,82.25,80.52,6403205
2014-03-20,80.59,80.81,5968527
2014-03-21,81.96,80.35,7841172
2014-03-24,80.71,79.49,7643653
2014-03-25,80.24,79.55,6693822
2014-03-26,79.93,78.62,6752012
2014-03-27,78.295,78.48,9194723
2014-03-28,78.73,78.99,5281656
2014-03-31,79.7,80.07,6848852
2014-04-01,80.39,81.57,6555910
2014-04-02,81.72,81.67,6073512
2014-04-03,81.92,81.69,4930098
2014-04-04,82.32,80.43,8894844
2014-04-07,80.42,79.13,9001326
2014-04-08,79.27,79.57,7085161
2014-04-09,79.97,80.47,7005696
2014-04-10,80.92,77.51,10160154
2014-04-11,77.51,77.01,9206216
2014-04-14,77.7,77.62,5964923
2014-04-15,77.89,77.66,6404957
2014-04-16,78.38,78.95,5960869
2014-04-17,78.7,79.99,7627952
2014-04-21,79.96,79.11,7080747
2014-04-22,79.22,79.45,5876138
2014-04-23,79.53,79.52,4149634
2014-04-24,79.74,79.59,4635013
2014-04-25,79.46,78.23,6193863
2014-04-28,78.76,77.78,7522690
2014-04-29,78.35,78.64,4608880
2014-04-30,78.5,79.34,6550228
2014-05-01,79.35,79.56,6486920
2014-05-02,79.62,80.31,7599763
2014-05-05,80.42,81.22,5672735
2014-05-06,81.59,81.03,10696487
2014-05-07,81.65,80.29,11907798
2014-05-08,80.21,81.6,9258242
2014-05-09,81.27,81.95,5376634
2014-05-12,82.08,82.42,5704379
2014-05-13,82.43,82.08,5274805
2014-05-14,81.77,80.92,6192041
2014-05-15,80.64,80.15,7688663
2014-05-16,80.17,80.39,5823957
2014-05-19,80.43,81.05,4897949
2014-05-20,80.94,81.09,6023361
2014-05-21,81.42,82.19,4736535
2014-05-22,82.19,82.35,4651995
2014-05-23,82.19,83.32,4580584
2014-05-27,83.56,83.74,5197723
2014-05-28,83.8,83.6,4652083
2014-05-29,83.92,84.03,6522392
2014-05-30,83.81,84.01,6351807
2014-06-02,84.27,84.27,3933943
2014-06-03,84.07,83.88,4541453
2014-06-04,83.85,84.24,5800205
2014-06-05,84.37,84.78,5955977
2014-06-06,84.91,84.61,5302807
2014-06-09,84.6,85.48,5672010
2014-06-10,85.4,84.75,4632627
2014-06-11,84.6,84.31,4300940
2014-06-12,84.03,82.8,7237220
2014-06-13,82.75,82.8,4711915
2014-06-16,82.64,83.3,5181129
2014-06-17,82.98,83.16,4536152
2014-06-18,83.18,83.58,4536536
2014-06-19,83.65,83.77,4327002
2014-06-20,84.07,82.82,11073748
2014-06-23,82.85,82.76,3947865
2014-06-24,82.68,82.68,5057264
2014-06-25,82.67,83.9,7899781
2014-06-26,84.68,84.45,6424106
2014-06-27,84.13,85.3,17932432
2014-06-30,85.44,85.74,6997990
2014-07-01,85.81,86.47,5608207
2014-07-02,86.58,86.44,4439758
2014-07-03,86.7,86.84,3210405
2014-07-07,86.61,86.59,4897895
2014-07-08,86.19,85.86,4733747
2014-07-09,86.0,87.22,6317683
2014-07-10,86.53,86.86,7249673
2014-07-11,87.0,86.89,5016396
2014-07-14,87.46,86.76,4017054
2014-07-15,86.58,86.15,7006703
2014-07-16,86.69,85.35,10679328
2014-07-17,85.33,85.03,6886606
2014-07-18,85.44,85.81,4719105
2014-07-21,85.81,85.74,4800402
2014-07-22,86.37,86.21,4984215
2014-07-23,86.31,86.04,3650328
2014-07-24,86.5,86.8,4174497
2014-07-25,86.3,86.23,4666234
2014-07-28,86.43,87.15,4547120
2014-07-29,87.29,86.2,5479099
2014-07-30,86.62,87.21,7299155
2014-07-31,86.59,85.88,6343453
2014-08-01,85.39,85.38,6759649
2014-08-04,86.17,87.24,8262656
2014-08-05,87.14,86.75,9361789
2014-08-06,86.18,86.59,9793689
2014-08-07,86.99,85.51,7916861
2014-08-08,85.65,86.85,6382687
2014-08-11,87.07,87.5,5052787
2014-08-12,87.15,87.21,4510527
2014-08-13,87.74,87.6,4532339
2014-08-14,88.03,88.61,8218205
2014-08-15,89.02,89.28,8211200
2014-08-18,89.66,89.97,4977060
2014-08-19,90.13,90.09,4153038
2014-08-20,89.92,89.84,3894514
2014-08-21,90.06,90.38,4719099
2014-08-22,90.13,90.49,4762155
2014-08-25,90.95,90.38,3515384
2014-08-26,90.61,90.02,4117717
2014-08-27,90.14,90.37,3739669
2014-08-28,91.06,90.94,3667626
2014-08-29,90.32,89.88,4179401
2014-09-02,90.18,90.8,5601956
2014-09-03,91.06,90.94,3684009
2014-09-04,90.87,90.14,5458719
2014-09-05,90.14,90.94,4597562
2014-09-08,90.76,90.56,4331230
2014-09-09,90.5,89.6,4797688
2014-09-10,89.54,89.52,5078620
2014-09-11,89.2,89.97,4102227
2014-09-12,90.1,89.67,3888474
2014-09-15,89.74,90.08,4909956
2014-09-16,89.71,90.27,4333970
2014-09-17,90.58,90.33,4058070
2014-09-18,90.31,90.34,4343618
2014-09-19,90.8,90.49,13382935
2014-09-22,90.49,89.29,5003007
2014-09-23,89.12,88.31,6155770
2014-09-24,88.36,89.45,5616214
2014-09-25,89.26,88.07,7081657
2014-09-26,88.15,88.74,5796117
2014-09-29,88.12,88.83,5190828
2014-09-30,88.84,89.03,4832868
2014-10-01,89.08,87.49,7512499
2014-10-02,87.5,86.79,11051144
2014-10-03,88.1,88.45,7552890
2014-10-06,88.79,88.56,4051853
2014-10-07,88.0,87.11,6225508
2014-10-08,87.06,88.11,7007965
2014-10-09,88.03,85.71,8727122
2014-10-10,85.92,86.27,12675546
2014-10-13,85.92,83.91,9039814
2014-10-14,84.75,84.14,8607117
2014-10-15,82.39,82.08,21844427
2014-10-16,79.93,81.74,13216697
2014-10-17,82.68,83.83,12386547
2014-10-20,84.23,85.52,8306147
2014-10-21,86.32,87.54,9170356
2014-10-22,87.94,87.1,9314515
2014-10-23,88.21,87.99,7245328
2014-10-24,87.91,88.61,4937482
2014-10-27,88.47,88.45,5644486
2014-10-28,89.04,89.93,4554351
2014-10-29,89.84,89.53,5442103
2014-10-30,89.44,90.22,4445329
2014-10-31,91.51,91.38,7472216
2014-11-03,91.24,91.71,5447877
2014-11-04,91.97,90.35,7928517
2014-11-05,91.6,91.0,7020959
2014-11-06,91.29,92.0,9938826
2014-11-07,89.39,90.0,16176328
2014-11-10,90.24,89.78,8155734
2014-11-11,90.01,89.98,5896789
2014-11-12,89.77,89.9,5262460
2014-11-13,90.1,90.49,5098761
2014-11-14,90.68,90.8,4281140
2014-11-17,90.5,90.41,4148400
2014-11-18,90.33,90.28,4466404
2014-11-19,90.26,89.82,7709962
2014-11-20,89.25,88.9,8603976
2014-11-21,89.69,88.96,7383521
2014-11-24,89.32,90.58,6504104
2014-11-25,90.71,91.65,7404151
2014-11-26,91.96,91.92,4607258
2014-11-28,92.53,92.51,3852961
2014-12-01,92.63,92.7,6714729
2014-12-02,92.65,93.47,6664201
2014-12-03,93.54,93.11,5492376
2014-12-04,93.61,93.23,6049063
2014-12-05,93.69,93.76,5226807
2014-12-08,94.21,93.8,6682153
2014-12-09,93.51,92.94,9522100
2014-12-10,92.52,91.63,10346075
2014-12-11,91.09,91.75,8227812
2014-12-12,91.18,91.49,7890850
2014-12-15,92.03,90.9,6746824
2014-12-16,90.5,90.17,6549387
2014-12-17,90.36,91.38,6890832
2014-12-18,92.19,92.61,9387548
2014-12-19,92.34,92.89,12837921
2014-12-22,93.39,94.2,7477481
2014-12-23,94.48,94.69,5385780
2014-12-24,94.69,94.42,2166034
2014-12-26,94.74,95.03,3142431
2014-12-29,94.74,95.5,3584362
2014-12-30,95.21,94.7,3490053
2014-12-31,95.13,94.19,4797034
2015-01-02,94.91,93.75,5865420
2015-01-05,93.28,92.38,7789422
2015-01-06,92.57,91.89,6802381
2015-01-07,92.72,92.83,6589494
2015-01-08,93.87,93.79,7579358
2015-01-09,94.05,94.25,8621330
2015-01-12,94.69,94.46,6586223
2015-01-13,95.28,95.19,9364297
2015-01-14,94.0,94.23,6509293
2015-01-15,94.61,94.35,5662230
2015-01-16,94.0,95.18,6117011
2015-01-20,95.22,94.74,7947593
2015-01-21,94.37,94.17,7474730
2015-01-22,94.58,95.15,7014169
2015-01-23,94.92,94.72,4664712
2015-01-26,94.45,94.97,5446906
2015-01-27,93.94,93.97,5390006
2015-01-28,94.14,92.67,6198396
2015-01-29,93.11,93.22,7681669
2015-01-30,92.5,90.96,10212270
2015-02-02,91.3,91.93,9392029
2015-02-03,92.43,94.1,12329105
2015-02-04,99.39,101.28,32640456
2015-02-05,100.76,102.64,14089453
2015-02-06,102.67,102.02,8535248
2015-02-09,101.8,101.73,5461981
2015-02-10,101.96,101.92,5726347
2015-02-11,102.01,101.87,5868228
2015-02-12,102.16,103.58,6816814
2015-02-13,103.73,104.17,5175636
2015-02-17,104.23,104.12,4759334
2015-02-18,103.4,103.86,3760192
2015-02-19,104.0,103.89,5094137
2015-02-20,103.86,104.55,5196956
2015-02-23,104.76,104.99,5587069
2015-02-24,104.54,104.67,4099805
2015-02-25,104.68,105.57,6547243
2015-02-26,105.5,104.56,5048999
2015-02-27,104.67,104.08,4161605
2015-03-02,104.35,105.89,5635530
2015-03-03,105.78,106.35,4671949
2015-03-04,105.86,105.57,4972937
2015-03-05,105.54,105.03,3954726
2015-03-06,104.67,103.82,5704232
2015-03-09,103.94,105.26,4868861
2015-03-10,104.27,103.09,6472601
2015-03-11,103.51,102.89,4831861
2015-03-12,103.85,107.17,10730363
2015-03-13,107.28,106.44,8024216
2015-03-16,106.84,107.37,6407258
2015-03-17,107.0,106.96,4490192
2015-03-18,106.9,107.97,5520550
2015-03-19,107.84,107.37,4885562
2015-03-20,107.83,108.43,8710075
2015-03-23,108.6,108.22,5667034
2015-03-24,107.72,107.11,4493538
2015-03-25,107.45,105.0,6964726
2015-03-26,104.47,105.24,5915844
2015-03-27,105.2,105.48,5330425
2015-03-30,106.06,106.12,3831883
2015-03-31,105.6,104.89,5701609
2015-04-01,105.43,105.44,6117195
2015-04-02,105.49,106.0,3651641
2015-04-06,105.31,105.63,4154218
2015-04-07,105.8,105.43,4694555
2015-04-08,105.23,106.36,4277383
2015-04-09,106.51,106.77,3924416
2015-04-10,106.73,106.95,3251487
2015-04-13,107.07,106.51,4201467
2015-04-14,106.41,106.66,5389283
2015-04-15,106.92,106.98,4307798
2015-04-16,107.15,108.1,6379102
2015-04-17,107.8,106.69,9663490
2015-04-20,107.83,108.22,8094174
2015-04-21,108.93,107.68,4579838
2015-04-22,108.02,107.94,4060485
2015-04-23,107.96,109.0,5983755
2015-04-24,109.53,109.53,6355616
2015-04-27,111.5,110.16,8479080
2015-04-28,110.75,109.92,7324498
2015-04-29,109.66,109.81,6024741
2015-04-30,109.68,108.72,7770301
2015-05-01,109.95,110.52,6205116
2015-05-04,111.48,111.03,7566209
2015-05-05,113.27,110.81,14619307
2015-05-06,111.56,109.72,8975283
2015-05-07,109.6,109.26,8291198
2015-05-08,110.26,110.11,6260611
2015-05-11,110.14,108.6,6728542
2015-05-12,108.28,109.24,6345037
2015-05-13,109.7,109.19,4141357
2015-05-14,109.69,109.93,4662043
2015-05-15,110.1,110.3,5852173
2015-05-18,110.47,110.33,4868918
2015-05-19,110.69,110.56,4549640
2015-05-20,110.78,110.2,4393474
2015-05-21,110.04,110.39,4880577
2015-05-22,110.3,110.26,4267697
2015-05-26,110.17,109.44,5970756
2015-05-27,109.51,110.37,3984196
2015-05-28,110.11,110.53,3391980
2015-05-29,110.33,110.37,5264878
2015-06-01,111.48,110.96,6778890
2015-06-02,110.92,110.75,4425947
2015-06-03,111.28,111.17,4510344
2015-06-04,110.95,110.3,5748198
2015-06-05,110.3,110.3,4323537
2015-06-08,110.03,109.29,6068142
2015-06-09,109.35,108.52,7711756
2015-06-10,108.9,110.0,5128742
2015-06-11,110.01,110.62,5036279
2015-06-12,110.33,109.95,4009859
2015-06-15,109.27,110.18,5742208
2015-06-16,110.35,111.06,3848346
2015-06-17,111.2,111.49,4732297
2015-06-18,111.83,113.22,6929896
2015-06-19,112.83,112.62,9587721
2015-06-22,113.4,113.53,5906156
2015-06-23,113.93,114.41,6003070
2015-06-24,114.3,113.77,5636168
2015-06-25,114.62,114.45,6213483
2015-06-26,114.97,114.99,9509570
2015-06-29,114.16,113.05,7618224
2015-06-30,113.93,114.14,6946744
2015-07-01,114.95,115.13,5435397
2015-07-02,115.38,114.97,5549504
2015-07-06,114.47,115.7,5880490
2015-07-07,116.42,117.1,8359934
2015-07-08,116.5,115.19,8445169
2015-07-09,116.83,115.6,7016849
2015-07-10,117.05,116.44,7020711
2015-07-13,117.75,118.05,7595237
2015-07-14,118.03,117.85,5061659
2015-07-15,118.04,118.3,4845200
2015-07-16,119.0,119.07,6303045
2015-07-17,118.69,118.86,5109909
2015-07-20,119.29,119.58,6950952
2015-07-21,119.76,119.31,4785194
2015-07-22,119.28,119.33,4714082
2015-07-23,119.3,118.8,3347184
2015-07-24,119.35,118.91,4320854
2015-07-27,118.63,118.25,5179267
2015-07-28,118.68,118.46,6447319
2015-07-29,118.85,119.84,6083479
2015-07-30,119.71,120.03,4430097
2015-07-31,120.12,120.0,5767280
2015-08-03,120.88,121.12,8426894
2015-08-04,121.5,121.69,12624387
2015-08-05,110.83,110.53,61011209
2015-08-06,110.4,108.55,57175170
2015-08-07,108.75,109.35,15791550
2015-08-10,110.0,111.0,11617048
2015-08-11,110.34,108.0,13573984
2015-08-12,107.0,106.99,17020546
2015-08-13,107.21,107.52,9754466
2015-08-14,107.61,107.16,7104463
2015-08-17,107.3,109.05,7954040
2015-08-18,108.04,106.94,12021536
2015-08-19,106.58,106.45,9484026
2015-08-20,104.34,100.02,34651279
2015-08-21,97.5,98.84,30875673
2015-08-24,93.38,95.36,30159188
2015-08-25,99.73,95.89,19079443
2015-08-26,98.69,99.23,13755919
2015-08-27,101.35,102.17,17532220
2015-08-28,102.19,102.48,11005241
2015-08-31,102.3,101.88,8518241
2015-09-01,99.31,99.51,14212592
2015-09-02,100.75,101.89,12148187
2015-09-03,102.2,101.99,8953299
2015-09-04,100.96,100.97,9213799
2015-09-08,102.95,104.01,8571506
2015-09-09,104.75,101.91,9577524
2015-09-10,101.85,102.6,9026074
2015-09-11,102.35,104.48,9529778
2015-09-14,104.65,103.82,6959805
2015-09-15,103.25,103.43,9171441
2015-09-16,103.32,103.96,6509738
2015-09-17,104.2,104.2,7792632
2015-09-18,103.2,102.84,13559400
2015-09-21,103.68,103.41,7152324
2015-09-22,102.18,102.49,8330068
2015-09-23,102.44,101.57,5817994
2015-09-24,101.0,100.62,10706825
2015-09-25,101.51,100.3,7179845
2015-09-28,99.9,98.49,8238329
2015-09-29,98.51,99.42,9466944
2015-09-30,100.78,102.2,9189977
2015-10-01,102.97,102.67,7503711
2015-10-02,101.21,103.0,9105646
2015-10-05,103.7,103.85,7144600
2015-10-06,104.19,103.77,5660629
2015-10-07,104.49,103.39,7008280
2015-10-08,103.2,104.61,7499092
2015-10-09,105.09,105.56,7341822
2015-10-12,105.91,106.35,5179044
2015-10-13,105.74,106.59,8342685
2015-10-14,106.5,105.73,5563643
2015-10-15,106.5,107.89,6739184
2015-10-16,108.27,108.24,5908875
2015-10-19,108.25,109.47,8001900
2015-10-20,109.55,109.84,9674422
2015-10-21,110.67,110.09,8781423
2015-10-22,110.67,113.25,10028949
2015-10-23,114.21,113.09,7928447
2015-10-26,113.07,113.52,5729552
2015-10-27,113.29,113.77,5857562
2015-10-28,113.97,114.34,6452873
2015-10-29,114.34,115.04,6125112
2015-10-30,115.0,113.74,8501634
2015-11-02,114.49,115.04,6949528
2015-11-03,114.97,115.54,7132081
2015-11-04,116.64,113.25,20740831
2015-11-05,113.26,113.0,14843729
2015-11-06,114.6,115.67,16803396
2015-11-09,115.9,116.42,9317475
2015-11-10,116.17,117.42,8240533
2015-11-11,117.55,116.52,6381663
2015-11-12,115.6,116.21,7222996
2015-11-13,115.92,114.84,8078066
2015-11-16,113.47,115.92,5770158
2015-11-17,116.11,116.13,6434432
2015-11-18,116.22,118.14,6744634
2015-11-19,118.15,118.71,6100998
2015-11-20,119.11,120.07,10821723
2015-11-23,120.3,119.42,6986409
2015-11-24,117.9,117.95,9158183
2015-11-25,118.29,118.67,4751518
2015-11-27,116.0,115.13,14912040
2015-11-30,115.56,113.47,16560317
2015-12-01,114.15,115.39,8896142
2015-12-02,115.39,114.0,7787769
2015-12-03,114.17,111.89,10446637
2015-12-04,112.74,114.24,8771297
2015-12-07,114.56,113.83,6738532
2015-12-08,113.35,112.48,7480562
2015-12-09,112.39,111.47,9050676
2015-12-10,111.15,110.76,7030152
2015-12-11,109.91,108.04,12333768
2015-12-14,108.68,109.35,9702553
2015-12-15,112.05,112.16,13361688
2015-12-16,114.69,113.79,12304503
2015-12-17,114.13,112.01,9375035
2015-12-18,112.01,107.72,28376912
2015-12-21,108.8,106.59,22847155
2015-12-22,106.99,106.74,8644464
2015-12-23,107.21,105.56,12372933
2015-12-24,105.2,105.86,4356193
2015-12-28,106.5,107.25,9092705
2015-12-29,107.88,107.08,8607249
2015-12-30,106.89,106.34,4916975
2015-12-31,106.14,105.08,6670101
2016-01-04,103.12,102.98,12531478
2016-01-05,102.67,100.9,16212908
2016-01-06,99.38,100.36,13934454
2016-01-07,98.96,99.5,14680220
2016-01-08,100.63,99.25,10691594
2016-01-11,100.21,99.92,9583209
2016-01-12,100.97,101.46,8863921
2016-01-13,101.88,98.48,11615434
2016-01-14,98.65,99.11,11147478
2016-01-15,95.62,93.9,22336967
2016-01-19,95.0,93.97,13286754
2016-01-20,92.18,92.54,16918059
2016-01-21,92.87,94.02,12078238
2016-01-22,95.95,96.9,12303814
2016-01-25,96.42,95.29,7812210
2016-01-26,95.49,96.27,6915592
2016-01-27,96.31,94.32,6328904
2016-01-28,95.2,93.53,7312713
2016-01-29,94.21,95.82,8211566
2016-02-01,95.08,95.15,7027242
2016-02-02,94.0,93.12,7244414
2016-02-03,94.1,95.14,10877995
2016-02-04,94.87,95.43,8350333
2016-02-05,95.32,93.9,8898453
2016-02-08,92.56,92.12,13750142
2016-02-09,90.15,92.32,19237395
2016-02-10,88.0,88.85,32649818
2016-02-11,87.0,90.31,17523775
2016-02-12,91.52,91.15,10786093
2016-02-16,92.47,92.91,9050861
2016-02-17,93.67,95.5,12610039
2016-02-18,96.34,95.17,8773883
2016-02-19,95.23,95.01,6838210
2016-02-22,96.23,96.37,6980438
2016-02-23,96.5,95.38,6253760
2016-02-24,94.65,95.43,6945612
2016-02-25,95.92,95.65,4562326
2016-02-26,95.71,95.31,5277045
2016-02-29,95.31,95.52,7794361
2016-03-01,95.9,97.65,7139945
2016-03-02,97.67,97.0,6498588
2016-03-03,97.79,98.82,8581303
2016-03-04,99.0,98.48,6739803
2016-03-07,98.57,99.39,7218731
2016-03-08,98.93,97.82,6229279
2016-03-09,98.0,97.66,7010658
2016-03-10,97.94,97.04,5453451
2016-03-11,97.57,97.94,5605768
2016-03-14,97.94,98.81,6180701
2016-03-15,98.02,98.24,5942388
2016-03-16,98.16,98.44,6079376
2016-03-17,98.28,99.6,6384279
2016-03-18,99.98,99.2,10205081
2016-03-21,98.92,98.46,7070271
2016-03-22,97.59,97.58,6475657
2016-03-23,97.72,96.83,5517747
2016-03-24,96.55,97.22,5577661
2016-03-28,97.5,98.09,5317112
2016-03-29,98.0,98.16,5170836
2016-03-30,98.9,98.91,5677471
2016-03-31,99.01,99.31,7038803
2016-04-01,98.8,99.07,5895453
2016-04-04,99.3,98.68,5334697
2016-04-05,96.85,97.0,10818781
2016-04-06,96.96,97.48,6952406
2016-04-07,97.11,96.16,7525406
2016-04-08,96.63,96.42,6982660
2016-04-11,96.93,96.27,5916642
2016-04-12,96.28,97.35,6277150
2016-04-13,98.03,99.48,7967391
2016-04-14,99.79,98.63,6676152
2016-04-15,98.5,98.59,6146837
2016-04-18,99.6,101.48,10665222
2016-04-19,102.0,102.64,10639797
2016-04-20,103.02,103.27,7712027
2016-04-21,103.36,102.91,6824756
2016-04-22,103.06,103.77,5731332
2016-04-25,103.5,104.57,6117068
2016-04-26,104.58,104.89,6452933
2016-04-27,105.19,105.28,5996077
2016-04-28,104.54,104.03,5658271
2016-04-29,103.95,103.26,7006884
2016-05-02,103.3,104.36,5285731
2016-05-03,103.88,103.78,6243299
2016-05-04,103.31,103.67,6445065
2016-05-05,103.98,104.93,6465966
2016-05-06,104.51,105.54,7407498
2016-05-09,106.01,105.34,8130318
2016-05-10,105.53,106.6,15177195
2016-05-11,101.46,102.29,27068133
2016-05-12,102.5,101.71,11251703
2016-05-13,101.71,100.52,9570151
2016-05-16,100.41,100.36,9112952
2016-05-17,100.79,99.94,8694360
2016-05-18,99.59,99.0,9323116
2016-05-19,98.58,98.41,7063535
2016-05-20,99.0,99.78,7297012
2016-05-23,99.6,99.18,5588590
2016-05-24,99.45,99.51,5250783
2016-05-25,99.92,99.86,5678987
2016-05-26,99.89,99.81,3852638
2016-05-27,99.81,100.29,4589121
2016-05-31,99.85,99.22,10396157
2016-06-01,98.67,98.52,7243851
2016-06-02,98.07,98.72,4830090
2016-06-03,98.66,98.75,6857453
2016-06-06,98.96,98.78,4986555
2016-06-07,99.0,98.35,5608418
2016-06-08,98.49,98.04,5466157
2016-06-09,97.82,97.84,5379363
2016-06-10,97.15,97.34,7204388
2016-06-13,96.75,97.57,8766346
2016-06-14,97.2,98.4,6125748
2016-06-15,98.19,98.27,6663175
2016-06-16,97.8,98.38,7129696
2016-06-17,98.41,99.0,8959401
2016-06-20,100.08,99.57,8268636
2016-06-21,99.73,98.82,5202527
2016-06-22,99.08,98.79,4948868
2016-06-23,99.44,99.02,5826073
2016-06-24,96.01,95.72,15079933
2016-06-27,94.91,94.38,9485245
2016-06-28,95.46,96.05,7143103
2016-06-29,96.91,96.98,6563579
2016-06-30,97.1,97.82,7189489
2016-07-01,97.75,98.03,5681627
2016-07-05,97.77,97.66,5846412
2016-07-06,97.0,98.46,6223292
2016-07-07,97.63,98.41,5146032
2016-07-08,99.25,99.62,6045805
2016-07-11,99.8,99.98,5428018
2016-07-12,100.175,100.2,8508457
2016-07-13,100.46,99.88,5494690
2016-07-14,100.42,99.97,7461465
2016-07-15,100.42,99.8,5764374
2016-07-18,99.9,100.15,5051251
2016-07-19,99.81,99.47,5742736
2016-07-20,98.65,98.22,10664885
2016-07-21,98.17,98.01,7069554
2016-07-22,98.39,97.71,5381662
2016-07-25,97.9,97.39,4825498
2016-07-26,97.02,96.69,6274830
2016-07-27,96.7,96.33,6911392
2016-07-28,96.4,95.91,7713512
2016-07-29,95.85,95.95,8263966
2016-08-01,96.15,95.54,7131587
2016-08-02,95.35,95.01,7644091
2016-08-03,95.06,96.09,9068697
2016-08-04,95.53,95.16,10038331
2016-08-05,95.4,95.83,6528537
2016-08-08,96.11,95.75,7792013
2016-08-09,95.61,96.67,15548695
2016-08-10,96.7,97.86,27181275
2016-08-11,98.2,97.77,9233890
2016-08-12,97.82,96.84,9360332
2016-08-15,97.35,97.1,5299588
2016-08-16,96.86,96.88,5777756
2016-08-17,96.84,96.87,5697252
2016-08-18,96.87,96.65,5250741
2016-08-19,96.4,96.39,6362404
2016-08-22,96.47,95.87,5495336
2016-08-23,96.13,95.97,4996251
2016-08-24,96.01,95.82,5912529
2016-08-25,95.62,95.55,4518655
2016-08-26,95.66,95.21,6019553
2016-08-29,95.07,94.87,7902989
2016-08-30,94.77,94.86,6845046
2016-08-31,94.69,94.46,7375228
2016-09-01,94.73,94.26,6274204
2016-09-02,94.75,94.42,5382016
2016-09-06,94.53,93.8,8463523
2016-09-07,93.98,93.71,6281494
2016-09-08,93.49,94.09,7438081
2016-09-09,93.51,92.42,10248373
2016-09-12,91.96,93.64,9367303
2016-09-13,93.04,92.7,7795172
2016-09-14,92.59,92.26,6386478
2016-09-15,92.12,92.5,7568163
2016-09-16,92.27,92.56,10568647
2016-09-19,92.8,92.63,5421473
2016-09-20,92.7,92.95,6200107
2016-09-21,93.0,92.39,12049468
2016-09-22,92.73,93.41,6470732
2016-09-23,93.07,93.27,4407725
2016-09-26,92.47,91.96,10449325
2016-09-27,91.93,91.72,9167391
2016-09-28,91.75,92.2,8272345
2016-09-29,92.14,91.8,7476594
2016-09-30,92.28,92.86,8923683
2016-10-03,92.47,92.49,5834717
2016-10-04,92.45,92.59,5903392
2016-10-05,92.94,92.45,5365007
2016-10-06,92.75,92.83,7484807
2016-10-07,93.06,92.49,6144089
2016-10-10,92.7,92.49,4241028
2016-10-11,92.33,91.86,6651134
2016-10-12,91.88,91.41,6836644
2016-10-13,90.95,91.12,5725154
2016-10-14,91.77,91.3,4345659
2016-10-17,91.35,90.83,5134605
2016-10-18,91.4,91.17,4890775
2016-10-19,91.27,91.93,6140496
2016-10-20,91.66,92.03,6153205
2016-10-21,91.33,93.03,13814538
2016-10-24,93.49,93.37,7280985
2016-10-25,93.14,92.75,6380747
2016-10-26,92.39,93.49,7152845
2016-10-27,93.8,94.02,6646969
2016-10-28,93.89,93.85,7309117
2016-10-31,93.72,92.69,9957559
2016-11-01,92.78,92.39,6449806
2016-11-02,91.91,91.91,6716247
2016-11-03,92.26,93.37,7751400
2016-11-04,93.5,92.45,7456486
2016-11-07,93.77,94.43,6996093
2016-11-08,94.53,94.38,6226852
2016-11-09,92.29,94.64,8635729
2016-11-10,94.89,94.96,13777923
2016-11-11,97.18,97.68,23008062
2016-11-14,97.56,97.92,13208417
2016-11-15,97.9,97.7,7184595
2016-11-16,98.33,99.12,9702404
2016-11-17,99.05,99.37,8662618
2016-11-18,99.05,98.24,8586121
2016-11-21,98.11,97.63,10771076
2016-11-22,97.5,97.71,5323683
2016-11-23,97.67,98.26,6166487
2016-11-25,98.71,98.82,4396763
2016-11-28,98.52,98.97,7106669
2016-11-29,99.23,99.67,8396803
2016-11-30,99.4,99.12,11369177
2016-12-01,99.13,98.94,9958086
2016-12-02,98.79,98.5,7737193
2016-12-05,98.98,99.96,11331542
2016-12-06,99.95,100.66,8427531
2016-12-07,100.51,101.99,12255742
2016-12-08,101.47,103.38,16524763
2016-12-09,103.49,104.86,12173909
2016-12-12,104.61,104.06,7879703
2016-12-13,104.2,103.85,7393171
2016-12-14,103.62,104.05,7961888
2016-12-15,103.85,104.39,8745434
2016-12-16,104.71,103.91,12635516
2016-12-19,105.7,105.3,11475633
2016-12-20,105.64,105.46,8947285
2016-12-21,104.61,105.56,5202436
2016-12-22,104.96,105.42,5230849
2016-12-23,105.24,105.15,3238753
2016-12-27,104.85,105.17,3639546
2016-12-28,104.99,104.3,5178645
2016-12-29,104.23,104.56,5896763
2016-12-30,104.57,104.22,6983340
2017-01-03,105.3,106.08,8884273
2017-01-04,106.64,107.44,8321991
2017-01-05,107.17,107.38,6302974
2017-01-06,108.015,108.98,9551309
2017-01-09,108.58,108.36,6195195
2017-01-10,107.9,108.38,7901886
2017-01-11,108.54,109.44,7616804
2017-01-12,108.12,107.53,8218893
2017-01-13,107.16,108.06,6488966
2017-01-17,107.91,107.97,7586483
2017-01-18,106.93,108.16,7162904
2017-01-19,107.92,107.28,5350191
2017-01-20,107.35,107.66,5648970
2017-01-23,107.34,107.12,5716598
2017-01-24,107.2,107.9,5456146
2017-01-25,108.23,108.04,6180212
2017-01-26,108.21,108.06,6088083
2017-01-27,108.49,109.3,5577657
2017-01-30,109.86,110.94,13793564
2017-01-31,110.59,110.65,8485838
2017-02-01,110.71,111.3,10501334
2017-02-02,111.21,110.61,6515922
2017-02-03,110.9,110.3,7923398
2017-02-06,109.92,109.57,6896292
2017-02-07,109.65,109.0,10184848
2017-02-08,109.56,109.0,13615543
2017-02-09,109.07,109.49,6369737
2017-02-10,109.35,109.26,7671800
2017-02-13,108.95,109.65,5654040
2017-02-14,109.8,110.33,4768695
2017-02-15,109.91,110.18,7087135
2017-02-16,110.34,110.71,7179625
2017-02-17,110.24,110.06,6349161
2017-02-21,109.94,110.01,5432730
2017-02-22,109.69,110.12,5478398
2017-02-23,110.3,109.73,5470661
2017-02-24,109.62,110.32,4786814
2017-02-27,109.93,110.23,3547735
2017-02-28,110.0,110.09,4766038
2017-03-01,110.66,111.04,7418101
2017-03-02,111.0,110.59,4715626
2017-03-03,110.34,111.24,5843886
2017-03-06,110.772,110.67,4983166
2017-03-07,110.7,110.86,5114421
2017-03-08,110.87,110.84,4929881
2017-03-09,110.9,111.03,4005660
2017-03-10,111.4,110.92,4027448
2017-03-13,110.92,111.52,5213562
2017-03-14,111.73,112.31,7273535
2017-03-15,112.43,111.87,5319516
2017-03-16,112.18,111.71,4409419
2017-03-17,111.87,111.76,9061194
2017-03-20,112.07,112.71,8156325
2017-03-21,112.97,111.75,7109766
2017-03-22,111.85,112.08,5044710
2017-03-23,111.71,112.24,8307922
2017-03-24,112.4,112.14,4707297
2017-03-27,111.81,112.38,4469820
2017-03-28,112.6,113.05,6280929
2017-03-29,112.66,112.53,3781206
2017-03-30,112.53,113.18,4192753
2017-03-31,113.0,113.39,4617427
2017-04-03,113.18,113.2,4643439
2017-04-04,113.15,113.04,3386142
2017-04-05,113.58,113.0,4795081
2017-04-06,112.85,113.05,4744006
2017-04-07,112.82,112.58,4300468
2017-04-10,112.8,112.43,4053564
2017-04-11,113.68,113.07,5230837
2017-04-12,113.03,113.04,4086275
2017-04-13,113.04,113.2,6530791
2017-04-17,113.33,113.78,5120176
2017-04-18,113.48,114.19,6191132
2017-04-19,114.56,113.73,5303424
2017-04-20,114.17,114.79,5279267
2017-04-21,114.38,114.44,6654516
2017-04-24,115.26,113.7,7294620
2017-04-25,113.73,115.18,6918330
2017-04-26,115.4,115.58,4809837
2017-04-27,115.8,115.84,3910767
2017-04-28,115.87,115.6,3987631
2017-05-01,115.59,114.73,4963309
2017-05-02,114.87,114.37,6604605
2017-05-03,114.03,111.62,11521209
2017-05-04,110.58,111.17,10690627
2017-05-05,111.49,111.99,5871354
2017-05-08,112.39,111.42,5980139
2017-05-09,111.55,112.07,9337351
2017-05-10,109.0,109.66,17061077
2017-05-11,109.74,109.58,8021280
2017-05-12,109.8,109.69,5067654
2017-05-15,109.73,109.13,6241310
2017-05-16,109.12,107.98,10047055
2017-05-17,106.0,106.31,12763221
2017-05-18,105.98,106.68,6532185
2017-05-19,106.76,107.52,6336651
2017-05-22,107.65,107.63,5487199
2017-05-23,107.68,107.02,7542646
2017-05-24,107.15,107.71,4405225
2017-05-25,108.13,107.27,8030392
2017-05-26,107.71,108.41,6236779
2017-05-30,108.49,108.34,4813386
2017-05-31,108.4,107.94,9963649
2017-06-01,107.73,108.21,5907363
2017-06-02,108.46,107.18,10876862
2017-06-05,107.04,106.52,6372827
2017-06-06,106.17,105.5,9589493
2017-06-07,105.79,105.92,5777681
2017-06-08,105.47,104.32,11002357
2017-06-09,104.28,105.62,9392516
2017-06-12,105.89,107.04,8049453
2017-06-13,107.14,106.56,4918936
2017-06-14,106.95,106.14,4781080
2017-06-15,105.94,105.98,5309916
2017-06-16,106.28,105.51,8683368
2017-06-19,105.6,105.37,5956249
2017-06-20,105.07,103.94,7895674
2017-06-21,104.39,104.8,7765661
2017-06-22,104.71,104.22,6155991
2017-06-23,103.83,104.36,18147866
2017-06-26,104.6,105.57,5866969
2017-06-27,105.33,105.41,5694473
2017-06-28,106.02,106.86,7874406
2017-06-29,106.8,105.71,7268675
2017-06-30,106.25,106.25,5113841
2017-07-03,106.76,107.46,5399537
2017-07-05,107.83,105.63,8049724
2017-07-06,104.61,103.35,8690802
2017-07-07,103.51,103.32,6030928
2017-07-10,103.3,103.59,4421270
2017-07-11,103.6,103.84,4557336
2017-07-12,104.34,104.38,5203285
2017-07-13,104.45,104.29,5339465
2017-07-14,104.43,105.09,4370311
2017-07-17,105.17,104.79,3973789
2017-07-18,104.6,105.75,5740471
2017-07-19,106.13,106.82,5789363
2017-07-20,106.99,107.36,6185510
2017-07-21,107.1,107.09,4328517
2017-07-24,107.31,107.0,4615539
2017-07-25,107.6,106.42,5394699
2017-07-26,106.55,106.94,4149006
2017-07-27,107.69,110.0,10468680
2017-07-28,109.98,109.96,4864456
2017-07-31,110.02,109.93,6815349
2017-08-01,109.98,110.61,5987217
2017-08-02,109.88,108.67,8812748
2017-08-03,108.52,109.12,6895774
2017-08-04,108.23,107.69,8503837
2017-08-07,107.59,106.35,8093098
2017-08-08,106.55,106.98,9787086
2017-08-09,100.71,102.83,27877607
2017-08-10,102.5,101.35,12259908
2017-08-11,101.25,101.99,9410408
2017-08-14,102.8,101.4,9707297
2017-08-15,101.63,101.51,8868514
2017-08-16,101.84,102.2,6698783
2017-08-17,102.24,101.38,6612443
2017-08-18,101.32,100.7,6893916
2017-08-21,100.64,101.17,6492673
2017-08-22,101.41,102.77,6888650
2017-08-23,102.48,101.5,5954375
2017-08-24,101.82,101.52,6976592
2017-08-25,101.69,102.41,6186933
2017-08-28,102.49,102.56,5630425
2017-08-29,102.0,102.57,6011650
2017-08-30,102.48,102.87,6573211
2017-08-31,103.0,101.2,9823832
2017-09-01,101.65,101.5,7827433
2017-09-05,102.0,101.6,9592925
2017-09-06,101.76,101.5,7530956
2017-09-07,101.55,97.06,26419407
2017-09-08,96.49,97.07,13147662
2017-09-11,97.9,97.09,9610290
2017-09-12,97.59,97.89,9151729
2017-09-13,98.24,98.82,7615303
2017-09-14,98.79,97.9,9710030
2017-09-15,98.05,98.52,23870293
2017-09-18,98.39,98.1,7013634
2017-09-19,98.23,98.43,6970280
2017-09-20,98.76,99.21,6459058
2017-09-21,99.19,98.89,4958036
2017-09-22,98.55,98.6,6359080
2017-09-25,98.6,99.57,7492545
2017-09-26,99.64,98.63,6220508
2017-09-27,98.97,99.24,7596559
2017-09-28,98.77,98.05,7149615
2017-09-29,97.89,98.57,8185858
2017-10-02,99.31,99.86,6923319
2017-10-03,100.05,100.79,5447727
2017-10-04,100.74,100.55,5126136
2017-10-05,100.64,100.11,4736650
2017-10-06,99.95,100.07,4360212
2017-10-09,100.81,99.57,5429606
2017-10-10,99.99,99.58,7704374
2017-10-11,99.58,98.55,7984043
2017-10-12,97.56,96.93,11018249
2017-10-13,96.8,97.38,6857969
2017-10-16,97.64,98.13,4911623
2017-10-17,98.4,98.36,5942501
2017-10-18,98.36,98.25,5404326
2017-10-19,98.19,99.01,5634272
2017-10-20,99.45,99.4,5938716
2017-10-23,99.12,98.7,5888226
2017-10-24,98.52,98.29,4966173
2017-10-25,98.05,97.78,4094746
2017-10-26,97.58,98.56,6167514
2017-10-27,97.9,98.31,7868685
2017-10-30,98.12,98.04,7093151
2017-10-31,97.94,97.81,5701674
2017-11-01,98.13,99.03,6920435
2017-11-02,98.87,98.35,6799214
2017-11-03,98.36,98.64,5417514
2017-11-06,98.37,100.64,14728723
2017-11-07,101.29,101.61,12177479
2017-11-08,101.88,101.18,8023234
2017-11-09,100.83,102.68,12086586
2017-11-10,104.99,104.78,16701518
2017-11-13,104.14,104.74,7856012
2017-11-14,104.57,103.17,6929251
2017-11-15,102.75,103.69,5691471
2017-11-16,103.63,103.6,6410860
2017-11-17,103.22,103.44,7500844
2017-11-20,103.42,102.75,5112563
2017-11-21,102.97,103.0,5725938
2017-11-22,103.22,102.74,4140660
2017-11-24,102.91,102.64,2217591
2017-11-27,102.63,102.79,4007511
2017-11-28,102.56,103.41,8401145
2017-11-29,103.5,105.24,14503076
2017-11-30,105.36,104.82,9948999
2017-12-01,104.58,105.25,9258403
2017-12-04,106.5,110.22,17823953
2017-12-05,109.53,107.22,13055578
2017-12-06,107.17,105.46,8121673
2017-12-07,105.74,105.26,9948639
2017-12-08,104.91,104.23,6536601
2017-12-11,104.87,106.83,7433971
2017-12-12,107.6,107.43,8147001
2017-12-13,108.15,107.61,10368257
2017-12-14,107.75,110.57,27571330
2017-12-15,111.805,111.27,19978625
2017-12-18,111.85,111.03,12270002
2017-12-19,111.05,111.81,10546560
2017-12-20,111.625,109.69,8661137
2017-12-21,109.52,109.57,9372829
2017-12-22,109.4,108.67,7378369
2017-12-26,108.49,108.12,3982398
2017-12-27,108.42,107.64,5624037
2017-12-28,108.0,107.77,3477741
2017-12-29,108.05,107.51,4538403
2018-01-02,108.95,111.8,11014303
2018-01-03,112.19,112.28,9237926
2018-01-04,112.95,112.23,7417409
2018-01-05,112.68,111.62,6008285
2018-01-08,110.89,110.02,8052594
2018-01-09,110.13,109.94,5838021
2018-01-10,109.96,109.47,6059991
2018-01-11,110.25,110.99,6426959
2018-01-12,111.32,112.47,5899861
2018-01-16,113.07,110.69,8069201
2018-01-17,111.2,111.97,7030711
2018-01-18,111.74,110.42,8070928
2018-01-19,110.97,110.59,10514262
2018-01-22,110.27,111.1,8073624
2018-01-23,110.27,110.41,7477282
2018-01-24,110.96,110.5,7211784
2018-01-25,110.6,110.55,6291011
2018-01-26,110.81,112.19,7743825
2018-01-29,112.1,111.54,6847766
2018-01-30,111.42,110.11,8393878
2018-01-31,110.08,108.67,9841413
2018-02-01,108.62,110.49,9518857
2018-02-02,109.95,108.7,9947657
2018-02-05,107.1,104.7,15107942
2018-02-06,102.88,106.17,17765068
2018-02-07,107.83,104.76,12444982

